Model,Accuracy,F1_Score
RandomForest,1.0,1.0
GradientBoosting,1.0,1.0
DecisionTree,1.0,1.0
LogisticRegression,1.0,1.0
NaiveBayes,1.0,1.0
SVM,1.0,1.0
KNN,1.0,1.0
DL_LSTM,0.7997999787330627,0.7331888870293222
DL_GRU,0.800000011920929,0.7333333333333333
DL_CNN,0.800000011920929,0.7333333333333333
