Model,Accuracy,F1_Score
RandomForest,0.9994,0.9991018108651911
GradientBoosting,0.9984,0.9985967479674797
DecisionTree,0.9992,0.9992
LogisticRegression,0.9994,0.9991018108651911
NaiveBayes,0.9992,0.9990016129032258
SVM,0.9994,0.9991018108651911
KNN,0.9994,0.9991018108651911
DL_LSTM,0.949999988079071,0.9256410256410256
DL_GRU,0.949999988079071,0.9256410256410256
DL_CNN,0.949999988079071,0.9256410256410256
